,adload,agent,alureon,bho,ceeinject,cycbot,delfinject,fakerean,hotbar,lolyda,obfuscator,onlinegames,rbot,renos,startpage,vobfus,vundo,winwebsec,zbot,zeroaccess
adload,206,0,0,3,0,0,0,0,0,0,2,0,0,0,1,0,1,0,0,0
agent,1,140,3,0,0,1,5,0,2,0,2,7,0,1,4,0,3,0,0,1
alureon,0,0,251,0,0,0,4,2,0,0,4,0,0,1,3,0,11,0,1,1
bho,2,0,0,210,0,2,2,0,0,0,1,0,0,0,0,0,0,0,0,0
ceeinject,0,2,9,0,129,0,4,1,0,0,5,0,0,0,1,2,1,0,0,0
cycbot,0,0,0,0,0,216,0,0,0,0,2,0,0,0,1,1,0,0,0,0
delfinject,1,2,6,2,1,0,163,1,0,0,20,0,0,2,4,0,5,1,1,1
fakerean,0,0,2,0,1,0,3,188,0,0,5,0,0,0,3,1,1,2,1,0
hotbar,0,2,0,0,0,1,0,0,325,0,1,0,2,0,1,0,0,0,0,0
lolyda,0,0,0,0,0,0,0,0,0,179,0,1,0,0,0,0,0,0,0,0
obfuscator,0,6,15,1,5,0,39,5,0,0,174,2,5,5,3,2,11,0,5,3
onlinegames,0,3,1,0,0,0,3,0,0,0,7,255,0,0,1,0,3,0,0,0
rbot,0,9,2,0,1,0,7,3,2,0,18,3,130,0,1,2,23,0,3,1
renos,0,0,2,0,0,0,2,1,0,0,1,1,1,233,1,1,5,0,0,0
startpage,0,2,0,1,0,1,5,1,0,0,2,2,0,0,204,2,0,0,0,0
vobfus,0,0,1,0,0,0,1,0,0,0,1,0,0,0,0,203,1,0,0,0
vundo,0,1,4,0,2,1,7,0,0,1,10,4,2,0,3,2,323,0,3,2
winwebsec,0,0,0,0,0,0,0,0,0,0,1,0,0,0,0,0,1,733,0,0
zbot,0,1,1,0,0,1,3,0,0,0,4,0,1,0,0,0,2,0,342,1
zeroaccess,0,0,0,0,0,0,1,0,0,0,3,0,0,0,0,0,1,0,0,207
